{"cameraMode":{"drawMode":0,"name":"Shaded","section":"Shading Mode"},"sceneLighting":true,"audioPlay":false,"sceneViewState":{"showFog":true,"showMaterialUpdate":false,"showSkybox":true,"showFlares":true,"showImageEffects":true,"showParticleSystems":true},"in2DMode":false,"pivot":{"x":-0.17578125,"y":1.4052091836929322,"z":-1.5223045349121094},"rotation":{"x":-0.1527131050825119,"y":0.7106507420539856,"z":-0.1626504808664322,"w":-0.667232096195221},"size":7.4944233894348148,"orthographic":true}