{"cameraMode":{"drawMode":0,"name":"Shaded","section":"Shading Mode"},"sceneLighting":true,"audioPlay":false,"sceneViewState":{"showFog":true,"showMaterialUpdate":false,"showSkybox":true,"showFlares":true,"showImageEffects":true,"showParticleSystems":true},"in2DMode":false,"pivot":{"x":1.451053261756897,"y":-6.582553863525391,"z":9.38612174987793},"rotation":{"x":0.0019899040926247837,"y":0.9488053321838379,"z":-0.3158038258552551,"w":0.005978449713438749},"size":13.208425521850586,"orthographic":false}